datetime_utc,location_name,aqi_owm,co,no,no2,o3,so2,pm25,pm10,nh3
2026-02-10 17:20:50+00:00,Full Delhi (City Average),5.0,833.67,0.0,18.79,46.63,3.67,161.6,191.85,16.01
2026-02-10 17:30:57+00:00,Full Delhi (City Average),,865.44,,18.31,40.04,3.11,170.06,200.41,14.58
2026-02-10 17:41:45+00:00,Full Delhi (City Average),5.0,865.44,0.0,18.31,40.04,3.11,170.06,200.41,14.58
2026-02-10 17:52:29+00:00,Full Delhi (City Average),5.0,865.44,0.0,18.31,40.04,3.11,170.06,200.41,14.58
2026-02-10 18:24:06+00:00,Full Delhi (City Average),5.0,865.44,0.0,18.31,40.04,3.11,170.06,200.41,14.58
2026-02-11 08:51:41+00:00,Full Delhi (City Average),5.0,449.94,0.18,2.32,153.41,12.14,126.9,149.5,8.16
2026-02-11 09:01:11+00:00,Full Delhi (City Average),5.0,449.94,0.18,2.32,153.41,12.14,126.9,149.5,8.16
2026-02-11 10:48:05+00:00,Full Delhi (City Average),5.0,537.68,0.2,4.98,145.51,14.59,156.23,179.03,11.29
2026-02-11 11:43:42+00:00,Full Delhi (City Average),5.0,594.87,0.1,7.56,136.48,14.56,170.86,193.53,13.02
2026-02-11 13:05:34+00:00,Full Delhi (City Average),5.0,681.13,0.01,12.75,107.19,11.48,182.22,204.83,17.13
2026-02-11 14:46:32+00:00,Full Delhi (City Average),5.0,702.92,0.0,20.95,47.15,4.85,123.79,152.21,19.02
2026-02-11 15:53:13+00:00,Full Delhi (City Average),5.0,772.74,0.0,20.8,40.34,4.24,138.9,168.08,15.24
2026-02-11 17:55:01+00:00,Full Delhi (City Average),5.0,855.8,0.01,19.66,30.46,3.05,159.23,187.36,13.29
2026-02-11 18:58:01+00:00,Full Delhi (City Average),5.0,843.28,0.01,18.0,26.49,2.27,159.53,185.16,12.78
2026-02-11 20:32:40+00:00,Full Delhi (City Average),5.0,795.33,0.0,14.1,26.76,1.92,152.71,175.52,11.02
2026-02-11 21:33:04+00:00,Full Delhi (City Average),5.0,740.08,0.0,11.98,30.7,2.06,142.34,164.02,10.47
2026-02-11 22:21:08+00:00,Full Delhi (City Average),5.0,740.08,0.0,11.98,30.7,2.06,142.34,164.02,10.47
2026-02-11 23:30:14+00:00,Full Delhi (City Average),5.0,652.54,0.0,9.75,31.82,1.75,124.6,144.86,11.19
2026-02-12 02:05:11+00:00,Full Delhi (City Average),5.0,639.64,0.02,12.38,29.21,2.61,113.23,135.25,12.29
2026-02-12 04:22:36+00:00,Full Delhi (City Average),5.0,663.05,3.25,11.6,37.87,4.05,106.41,131.22,16.31
2026-02-12 04:57:03+00:00,Full Delhi (City Average),5.0,657.84,3.82,10.08,49.21,4.87,104.16,130.14,19.06
2026-02-12 06:02:36+00:00,Full Delhi (City Average),5.0,628.09,2.78,8.74,72.03,6.1,104.9,131.82,19.71
2026-02-12 07:50:49+00:00,Full Delhi (City Average),4.0,336.59,0.22,1.59,144.1,8.08,57.54,80.85,8.83
2026-02-12 08:42:36+00:00,Full Delhi (City Average),4.0,324.52,0.2,1.53,145.45,7.05,52.77,74.96,9.27
2026-02-12 09:49:10+00:00,Full Delhi (City Average),4.0,342.25,0.38,2.91,135.87,6.12,51.87,73.11,12.16
2026-02-12 10:43:45+00:00,Full Delhi (City Average),4.0,382.95,0.7,5.87,118.12,5.32,53.19,73.49,16.42
2026-02-12 11:38:45+00:00,Full Delhi (City Average),4.0,431.84,0.65,10.22,102.35,4.89,54.43,74.04,19.84
2026-02-12 13:05:16+00:00,Full Delhi (City Average),4.0,515.07,0.06,17.5,75.87,4.53,56.76,76.33,24.84
2026-02-12 14:40:04+00:00,Full Delhi (City Average),4.0,670.97,0.0,26.78,43.06,4.38,63.02,86.15,36.69
2026-02-12 15:51:53+00:00,Full Delhi (City Average),4.0,738.47,0.0,28.1,32.61,4.28,68.51,92.93,39.72
2026-02-12 16:57:19+00:00,Full Delhi (City Average),4.0,798.08,0.02,28.99,25.47,4.24,74.43,100.4,43.17
2026-02-12 17:55:07+00:00,Full Delhi (City Average),5.0,823.99,0.04,29.06,21.33,4.12,78.55,104.88,45.68
2026-02-12 19:10:03+00:00,Full Delhi (City Average),5.0,798.74,0.03,27.79,22.25,4.33,79.27,104.25,56.36
2026-02-12 20:27:00+00:00,Full Delhi (City Average),5.0,773.36,0.01,25.83,28.12,4.91,80.23,104.05,70.15
2026-02-12 21:23:39+00:00,Full Delhi (City Average),5.0,747.21,0.0,23.43,35.79,5.29,81.33,104.25,81.6
2026-02-12 22:31:16+00:00,Full Delhi (City Average),5.0,685.63,0.0,18.61,50.99,5.47,82.02,104.63,98.81
2026-02-12 23:27:51+00:00,Full Delhi (City Average),5.0,685.63,0.0,18.61,50.99,5.47,82.02,104.63,98.81
2026-02-13 02:07:54+00:00,Full Delhi (City Average),5.0,706.34,0.04,21.5,35.15,3.62,84.49,113.58,56.81
2026-02-13 04:20:42+00:00,Full Delhi (City Average),5.0,815.53,7.52,19.23,29.28,2.94,87.89,121.53,34.87
2026-02-13 04:47:21+00:00,Full Delhi (City Average),5.0,834.33,9.02,17.17,37.2,3.01,89.22,125.7,33.46
2026-02-13 05:53:54+00:00,Full Delhi (City Average),5.0,826.71,7.44,16.8,54.33,3.12,93.65,133.9,30.87
2026-02-13 07:03:12+00:00,Full Delhi (City Average),4.0,419.21,0.59,3.86,149.3,2.51,66.54,106.63,10.55
2026-02-13 08:40:48+00:00,Full Delhi (City Average),4.0,336.85,0.23,1.8,156.48,2.24,54.13,86.56,8.81
2026-02-13 09:42:34+00:00,Full Delhi (City Average),4.0,360.1,0.47,3.71,145.03,2.39,56.34,86.94,12.42
2026-02-13 10:33:06+00:00,Full Delhi (City Average),4.0,411.84,0.84,7.76,124.38,2.65,60.38,89.66,17.79
2026-02-13 11:30:29+00:00,Full Delhi (City Average),4.0,470.42,0.7,13.69,105.63,2.85,63.71,92.24,22.08
2026-02-13 12:57:16+00:00,Full Delhi (City Average),4.0,543.95,0.07,20.77,85.36,3.35,67.64,96.16,29.02
2026-02-13 13:55:24+00:00,Full Delhi (City Average),4.0,627.31,0.0,24.72,52.79,3.55,70.86,101.3,32.72
2026-02-13 15:40:36+00:00,Full Delhi (City Average),5.0,766.26,0.01,29.31,34.1,5.11,83.62,118.36,50.83
2026-02-13 16:44:05+00:00,Full Delhi (City Average),5.0,814.31,0.01,30.12,32.04,5.62,89.42,125.54,57.3
2026-02-13 17:39:02+00:00,Full Delhi (City Average),5.0,835.67,0.01,30.17,32.66,5.56,93.86,129.67,61.65
2026-02-13 18:46:59+00:00,Full Delhi (City Average),5.0,815.24,0.01,28.29,35.04,4.97,95.72,129.46,64.78
2026-02-13 19:41:53+00:00,Full Delhi (City Average),5.0,791.2,0.0,25.04,38.35,4.53,97.87,129.72,67.98
2026-02-13 20:37:04+00:00,Full Delhi (City Average),5.0,764.98,0.0,21.9,40.91,4.21,99.84,129.76,70.43
2026-02-13 21:33:55+00:00,Full Delhi (City Average),5.0,727.9,0.0,18.7,44.07,3.97,100.64,128.48,72.33
2026-02-13 22:32:16+00:00,Full Delhi (City Average),5.0,685.64,0.0,15.9,48.72,3.79,100.1,126.34,74.86
2026-02-13 23:28:06+00:00,Full Delhi (City Average),5.0,685.64,0.0,15.9,48.72,3.79,100.1,126.34,74.86
2026-02-14 01:53:08+00:00,Full Delhi (City Average),5.0,645.49,0.03,15.66,41.04,2.76,95.98,122.05,48.61
2026-02-14 04:02:02+00:00,Full Delhi (City Average),5.0,704.66,4.78,13.23,32.73,2.28,94.31,120.11,33.12
2026-02-14 04:11:58+00:00,Full Delhi (City Average),5.0,704.66,4.78,13.23,32.73,2.28,94.31,120.11,33.12
2026-02-14 05:40:26+00:00,Full Delhi (City Average),5.0,697.43,4.31,10.99,56.83,2.38,95.3,122.72,27.6
2026-02-14 06:42:39+00:00,Full Delhi (City Average),4.0,326.29,0.32,2.18,142.36,1.92,53.89,84.2,9.66
2026-02-14 07:26:46+00:00,Full Delhi (City Average),4.0,326.29,0.32,2.18,142.36,1.92,53.89,84.2,9.66
2026-02-14 08:31:14+00:00,Full Delhi (City Average),3.0,246.22,0.15,1.11,139.47,1.53,41.56,72.46,7.41
2026-02-14 09:29:11+00:00,Full Delhi (City Average),3.0,246.22,0.15,1.11,139.47,1.53,41.56,72.46,7.41
2026-02-14 10:25:56+00:00,Full Delhi (City Average),3.0,274.91,0.51,3.35,117.3,1.68,43.55,74.63,12.62
2026-02-14 11:21:22+00:00,Full Delhi (City Average),3.0,333.94,1.13,7.78,88.33,2.02,47.07,78.32,20.92
2026-02-14 12:44:48+00:00,Full Delhi (City Average),4.0,463.2,0.1,21.05,54.73,3.07,53.01,86.0,38.82
2026-02-14 13:43:11+00:00,Full Delhi (City Average),4.0,521.68,0.0,26.37,46.03,4.3,53.5,84.34,52.33
2026-02-14 14:18:57+00:00,Full Delhi (City Average),4.0,521.68,0.0,26.37,46.03,4.3,53.5,84.34,52.33
2026-02-14 15:14:34+00:00,Full Delhi (City Average),4.0,587.35,0.0,29.56,39.91,5.31,58.02,90.89,64.81
2026-02-14 16:23:40+00:00,Full Delhi (City Average),4.0,632.28,0.0,30.97,34.12,5.95,61.13,94.94,75.31
2026-02-14 17:25:12+00:00,Full Delhi (City Average),4.0,677.9,0.01,32.4,29.62,6.58,64.73,99.82,86.39
2026-02-14 18:32:56+00:00,Full Delhi (City Average),4.0,656.84,0.01,28.23,21.35,4.91,65.27,99.43,78.53
2026-02-14 19:22:50+00:00,Full Delhi (City Average),4.0,656.84,0.01,28.23,21.35,4.91,65.27,99.43,78.53
2026-02-14 20:24:59+00:00,Full Delhi (City Average),4.0,616.45,0.01,23.55,19.56,3.37,64.35,97.76,60.1
2026-02-14 21:23:08+00:00,Full Delhi (City Average),4.0,579.82,0.02,19.78,19.69,2.39,63.59,96.4,47.54
2026-02-14 22:18:57+00:00,Full Delhi (City Average),4.0,543.08,0.02,16.78,21.04,1.79,62.37,94.82,40.22
2026-02-14 23:23:03+00:00,Full Delhi (City Average),4.0,513.7,0.02,14.76,23.02,1.47,61.48,94.6,36.61
2026-02-15 02:07:09+00:00,Full Delhi (City Average),4.0,520.81,0.33,15.6,19.7,1.56,61.97,101.57,30.46
2026-02-15 04:21:33+00:00,Full Delhi (City Average),4.0,600.69,6.51,12.03,22.78,1.87,64.26,107.57,29.8
2026-02-15 04:52:53+00:00,Full Delhi (City Average),4.0,619.79,7.78,10.72,26.86,2.02,64.3,111.04,27.78
2026-02-15 05:55:32+00:00,Full Delhi (City Average),4.0,617.51,6.59,10.81,37.56,2.1,65.54,118.49,26.08
2026-02-15 06:52:22+00:00,Full Delhi (City Average),4.0,271.03,0.34,2.12,128.77,2.74,55.62,142.6,8.94
2026-02-15 07:33:28+00:00,Full Delhi (City Average),4.0,224.58,0.14,0.99,129.16,2.56,50.94,131.13,6.52
2026-02-15 08:31:58+00:00,Full Delhi (City Average),4.0,209.9,0.13,0.91,125.75,2.32,47.08,120.29,6.12
2026-02-15 09:30:08+00:00,Full Delhi (City Average),4.0,230.76,0.39,2.59,109.14,2.33,47.97,116.94,10.49
2026-02-15 10:25:08+00:00,Full Delhi (City Average),4.0,230.76,0.39,2.59,109.14,2.33,47.97,116.94,10.49
2026-02-15 11:14:34+00:00,Full Delhi (City Average),4.0,276.51,0.81,5.92,86.31,2.46,50.9,116.28,17.09
2026-02-15 12:46:25+00:00,Full Delhi (City Average),4.0,385.68,0.06,16.95,55.71,3.19,55.83,116.9,32.93
2026-02-15 13:43:59+00:00,Full Delhi (City Average),4.0,485.26,0.0,23.95,51.32,4.89,65.35,132.23,51.17
2026-02-15 14:26:32+00:00,Full Delhi (City Average),4.0,485.26,0.0,23.95,51.32,4.89,65.35,132.23,51.17
2026-02-15 15:24:00+00:00,Full Delhi (City Average),4.0,556.21,0.0,28.32,46.55,6.29,70.92,137.6,69.54
2026-02-15 16:20:01+00:00,Full Delhi (City Average),5.0,610.27,0.0,30.81,40.5,7.29,75.18,140.53,85.58
2026-02-15 17:24:34+00:00,Full Delhi (City Average),5.0,662.88,0.0,32.9,36.28,8.24,80.34,145.98,101.52
2026-02-15 18:35:00+00:00,Full Delhi (City Average),5.0,657.01,0.0,29.5,28.25,6.12,83.4,147.45,87.21
2026-02-15 19:14:34+00:00,Full Delhi (City Average),5.0,657.01,0.0,29.5,28.25,6.12,83.4,147.45,87.21
2026-02-15 20:25:34+00:00,Full Delhi (City Average),5.0,629.49,0.01,25.24,26.3,4.73,83.12,146.88,72.91
2026-02-15 21:22:46+00:00,Full Delhi (City Average),5.0,603.0,0.01,21.68,25.78,3.96,82.94,146.44,65.98
2026-02-15 22:22:36+00:00,Full Delhi (City Average),5.0,578.05,0.01,18.68,25.1,3.15,82.61,145.32,56.64
2026-02-15 23:16:39+00:00,Full Delhi (City Average),5.0,556.33,0.01,16.24,23.72,2.26,81.72,142.76,44.88
2026-02-16 02:03:11+00:00,Full Delhi (City Average),5.0,577.25,0.24,17.35,15.44,2.31,79.95,136.99,32.7
2026-02-16 04:24:33+00:00,Full Delhi (City Average),5.0,638.17,5.25,14.07,29.23,3.12,81.21,141.11,30.39
2026-02-16 04:57:57+00:00,Full Delhi (City Average),5.0,635.72,5.71,12.23,38.39,3.49,81.49,141.4,28.55
2026-02-16 06:08:19+00:00,Full Delhi (City Average),5.0,610.38,4.2,11.13,57.1,3.89,83.87,144.05,26.44
2026-02-16 07:53:15+00:00,Full Delhi (City Average),4.0,302.03,0.52,3.14,120.81,3.46,58.27,115.87,13.52
2026-02-16 08:45:28+00:00,Full Delhi (City Average),4.0,281.96,0.49,3.27,122.01,3.27,54.59,108.89,13.58
2026-02-16 09:53:31+00:00,Full Delhi (City Average),4.0,305.54,0.82,5.54,111.22,3.4,55.45,107.89,17.34
2026-02-16 10:46:43+00:00,Full Delhi (City Average),4.0,362.27,1.33,10.16,88.32,3.68,57.42,107.22,22.78
2026-02-16 11:34:06+00:00,Full Delhi (City Average),4.0,432.01,1.11,17.17,65.69,4.05,59.43,106.93,27.35
2026-02-16 13:00:38+00:00,Full Delhi (City Average),4.0,518.06,0.12,24.68,46.37,4.57,63.28,109.99,33.39
2026-02-16 14:40:19+00:00,Full Delhi (City Average),4.0,677.33,0.12,28.56,21.41,5.07,73.98,123.05,41.75
2026-02-16 15:39:34+00:00,Full Delhi (City Average),5.0,725.43,0.19,27.33,17.66,4.62,81.12,128.19,41.57
2026-02-16 16:40:10+00:00,Full Delhi (City Average),5.0,768.91,0.14,26.22,16.82,4.2,90.4,136.25,41.03
2026-02-16 17:36:58+00:00,Full Delhi (City Average),5.0,784.59,0.07,24.8,17.58,3.54,98.49,142.72,39.94
2026-02-16 18:41:10+00:00,Full Delhi (City Average),5.0,748.37,0.01,21.56,22.12,2.91,101.89,143.64,37.92
2026-02-16 19:22:10+00:00,Full Delhi (City Average),5.0,748.37,0.01,21.56,22.12,2.91,101.89,143.64,37.92
2026-02-16 20:29:28+00:00,Full Delhi (City Average),5.0,713.46,0.0,18.42,25.73,2.65,103.58,143.67,36.71
2026-02-16 21:28:03+00:00,Full Delhi (City Average),5.0,686.22,0.0,16.08,27.63,2.55,104.39,143.81,36.04
2026-02-16 22:27:08+00:00,Full Delhi (City Average),5.0,660.98,0.0,14.14,29.63,2.55,104.5,143.74,35.17
2026-02-16 23:27:44+00:00,Full Delhi (City Average),5.0,650.47,0.0,13.01,29.59,2.48,106.02,145.15,34.14
2026-02-17 01:51:05+00:00,Full Delhi (City Average),5.0,729.38,0.63,16.15,18.25,3.15,114.89,156.51,27.4
2026-02-17 04:17:58+00:00,Full Delhi (City Average),5.0,719.7,4.11,12.49,33.96,4.38,107.91,153.09,22.52
2026-02-17 04:50:38+00:00,Full Delhi (City Average),5.0,679.66,4.07,10.59,47.47,4.74,102.1,146.89,22.72
2026-02-17 05:56:14+00:00,Full Delhi (City Average),5.0,607.14,2.52,8.66,73.03,5.22,98.21,142.42,21.48
2026-02-17 07:00:53+00:00,Full Delhi (City Average),4.0,392.78,0.63,3.73,118.0,5.67,74.89,116.76,14.72
2026-02-17 08:34:43+00:00,Full Delhi (City Average),4.0,294.22,0.25,1.95,130.86,4.35,59.63,94.04,12.38
2026-02-17 09:44:08+00:00,Full Delhi (City Average),4.0,296.64,0.47,3.67,118.73,3.87,57.27,89.21,13.93
2026-02-17 10:43:26+00:00,Full Delhi (City Average),4.0,345.18,0.85,7.92,96.58,3.69,59.86,91.12,18.16
2026-02-17 11:38:32+00:00,Full Delhi (City Average),4.0,405.57,0.62,13.95,76.44,3.69,62.37,93.71,22.04
2026-02-17 12:58:24+00:00,Full Delhi (City Average),4.0,470.38,0.05,18.53,61.13,3.86,66.71,99.17,25.4
2026-02-17 14:43:07+00:00,Full Delhi (City Average),5.0,601.93,0.0,17.33,61.04,5.04,98.76,136.45,29.12
2026-02-17 15:52:00+00:00,Full Delhi (City Average),5.0,626.89,0.0,16.82,56.53,4.95,103.97,139.5,29.28
2026-02-17 16:55:59+00:00,Full Delhi (City Average),5.0,668.45,0.0,17.16,49.11,4.53,109.98,143.79,29.13
2026-02-17 17:47:06+00:00,Full Delhi (City Average),5.0,695.19,0.0,17.45,41.26,3.81,114.04,145.67,26.46
2026-02-17 18:56:29+00:00,Full Delhi (City Average),5.0,698.06,0.0,17.05,32.42,2.91,113.43,140.15,21.51
2026-02-17 19:48:05+00:00,Full Delhi (City Average),5.0,707.52,0.01,16.33,24.09,2.35,113.25,135.86,18.3
2026-02-17 20:35:47+00:00,Full Delhi (City Average),5.0,716.64,0.02,15.13,18.6,2.16,114.42,134.88,16.41
2026-02-17 21:30:09+00:00,Full Delhi (City Average),5.0,717.7,0.02,13.48,17.88,2.19,116.53,136.19,14.89
2026-02-17 22:30:05+00:00,Full Delhi (City Average),5.0,705.74,0.01,11.41,24.2,2.4,119.93,138.65,12.59
2026-02-17 23:27:36+00:00,Full Delhi (City Average),5.0,705.74,0.01,11.41,24.2,2.4,119.93,138.65,12.59
2026-02-18 02:04:45+00:00,Full Delhi (City Average),5.0,606.04,0.0,9.52,64.44,4.51,119.43,132.63,8.68
2026-02-18 04:21:04+00:00,Full Delhi (City Average),5.0,685.5,0.18,16.66,43.31,4.61,119.85,134.15,10.25
2026-02-18 04:51:53+00:00,Full Delhi (City Average),5.0,677.12,0.39,15.86,42.93,4.6,115.9,130.69,11.27
2026-02-18 05:59:49+00:00,Full Delhi (City Average),5.0,641.82,0.53,14.23,47.27,4.44,108.08,122.41,13.13
2026-02-18 07:12:52+00:00,Full Delhi (City Average),4.0,329.27,0.14,4.67,106.55,3.29,54.73,65.91,7.53
2026-02-18 08:42:37+00:00,Full Delhi (City Average),3.0,300.71,0.17,4.1,107.3,3.15,48.82,57.31,8.24
2026-02-18 09:36:46+00:00,Full Delhi (City Average),3.0,298.81,0.19,4.46,104.11,3.04,45.86,53.67,9.21
2026-02-18 10:34:47+00:00,Full Delhi (City Average),3.0,305.79,0.12,6.1,96.05,3.07,43.28,51.28,11.49
2026-02-18 11:37:40+00:00,Full Delhi (City Average),3.0,318.33,0.03,8.39,88.96,3.22,40.66,48.89,14.14
2026-02-18 13:01:52+00:00,Full Delhi (City Average),3.0,341.31,0.0,10.67,81.51,3.57,39.33,48.08,16.79
2026-02-18 14:42:58+00:00,Full Delhi (City Average),3.0,368.51,0.0,10.93,70.3,2.72,35.46,40.73,7.85
2026-02-18 15:43:13+00:00,Full Delhi (City Average),3.0,412.3,0.0,12.19,57.96,2.52,38.59,45.73,9.87
2026-02-18 17:00:48+00:00,Full Delhi (City Average),3.0,475.85,0.0,14.41,42.79,2.66,43.01,52.7,15.83
2026-02-18 18:44:34+00:00,Full Delhi (City Average),3.0,529.97,0.04,16.22,26.04,2.49,47.94,58.79,30.69
2026-02-18 19:47:21+00:00,Full Delhi (City Average),3.0,528.61,0.04,14.75,23.19,2.27,49.31,59.55,33.53
2026-02-18 20:37:45+00:00,Full Delhi (City Average),4.0,523.66,0.03,12.97,21.32,1.97,50.64,59.68,31.68
2026-02-18 21:33:50+00:00,Full Delhi (City Average),4.0,514.89,0.02,11.21,19.41,1.46,51.43,59.27,21.29
2026-02-18 22:30:22+00:00,Full Delhi (City Average),4.0,506.58,0.02,9.99,18.17,1.21,52.06,59.26,17.01
2026-02-18 23:28:26+00:00,Full Delhi (City Average),4.0,506.58,0.02,9.99,18.17,1.21,52.06,59.26,17.01
2026-02-19 02:03:18+00:00,Full Delhi (City Average),4.0,528.28,0.36,12.26,17.1,1.91,54.41,63.62,12.57
2026-02-19 04:10:46+00:00,Full Delhi (City Average),4.0,619.74,6.51,10.47,22.42,2.37,57.42,69.79,11.11
2026-02-19 04:51:14+00:00,Full Delhi (City Average),4.0,644.17,7.52,9.83,29.02,2.49,59.04,72.29,13.24
2026-02-19 05:58:05+00:00,Full Delhi (City Average),4.0,654.13,6.23,10.74,43.84,2.71,64.55,78.04,15.61
2026-02-19 07:03:20+00:00,Full Delhi (City Average),3.0,309.95,0.59,3.43,125.36,8.65,48.78,53.09,3.46
2026-02-19 08:41:55+00:00,Full Delhi (City Average),3.0,280.52,0.21,1.69,139.39,6.71,48.72,52.13,4.12
2026-02-19 09:43:39+00:00,Full Delhi (City Average),4.0,320.13,0.56,4.19,123.18,5.97,54.79,59.42,8.6
2026-02-19 10:41:45+00:00,Full Delhi (City Average),4.0,386.69,1.09,9.03,97.72,5.27,62.01,68.56,14.63
2026-02-19 11:37:28+00:00,Full Delhi (City Average),4.0,457.67,0.9,15.79,77.12,5.2,68.33,76.71,19.74
2026-02-19 13:03:06+00:00,Full Delhi (City Average),5.0,543.86,0.1,23.07,55.96,5.67,76.13,86.91,25.96
2026-02-19 14:48:14+00:00,Full Delhi (City Average),5.0,683.12,0.0,29.69,56.98,11.05,92.18,109.2,50.89
2026-02-19 15:40:23+00:00,Full Delhi (City Average),5.0,728.94,0.0,29.41,47.04,9.95,97.9,116.93,52.6
2026-02-19 16:42:58+00:00,Full Delhi (City Average),5.0,776.51,0.0,29.92,38.43,8.91,103.44,123.99,51.55
2026-02-19 17:40:15+00:00,Full Delhi (City Average),5.0,806.63,0.0,30.61,30.92,7.45,106.14,126.68,47.23
2026-02-19 18:41:39+00:00,Full Delhi (City Average),5.0,805.91,0.01,29.47,25.1,5.46,106.39,125.26,38.16
2026-02-19 19:35:17+00:00,Full Delhi (City Average),5.0,814.57,0.01,26.96,20.83,3.75,108.35,125.75,27.35
2026-02-19 20:31:05+00:00,Full Delhi (City Average),5.0,830.39,0.02,24.2,17.99,2.67,111.71,127.72,20.03
2026-02-19 21:30:57+00:00,Full Delhi (City Average),5.0,839.01,0.03,21.16,17.03,2.2,115.63,130.43,16.25
2026-02-19 22:23:19+00:00,Full Delhi (City Average),5.0,839.01,0.03,21.16,17.03,2.2,115.63,130.43,16.25
2026-02-19 23:28:47+00:00,Full Delhi (City Average),5.0,848.93,0.03,18.43,18.74,2.23,122.45,136.69,13.67
2026-02-20 01:58:50+00:00,Full Delhi (City Average),5.0,959.45,0.23,18.04,21.78,5.07,153.14,170.41,10.15
2026-02-20 04:13:46+00:00,Full Delhi (City Average),5.0,975.97,3.17,15.29,39.9,12.99,170.14,189.67,9.39
2026-02-20 05:47:33+00:00,Full Delhi (City Average),5.0,920.43,2.34,11.36,88.36,19.92,188.44,208.52,11.68
2026-02-20 06:55:14+00:00,Full Delhi (City Average),5.0,415.73,0.3,2.71,158.06,23.39,90.14,99.49,3.03
2026-02-20 07:47:34+00:00,Full Delhi (City Average),4.0,328.15,0.15,1.46,156.53,13.82,65.2,72.23,3.83
2026-02-20 08:38:44+00:00,Full Delhi (City Average),4.0,306.74,0.13,1.38,153.81,10.97,59.79,66.41,4.16
2026-02-20 09:36:11+00:00,Full Delhi (City Average),4.0,307.05,0.16,1.95,150.37,9.43,59.22,65.9,5.37
2026-02-20 10:36:00+00:00,Full Delhi (City Average),4.0,325.21,0.21,3.49,141.6,8.37,61.94,68.95,7.64
2026-02-20 11:30:04+00:00,Full Delhi (City Average),4.0,346.51,0.14,5.72,132.36,7.54,63.49,70.88,9.94
2026-02-20 12:48:09+00:00,Full Delhi (City Average),4.0,419.41,0.02,11.74,102.79,6.39,67.83,77.1,16.84
2026-02-20 14:01:24+00:00,Full Delhi (City Average),4.0,495.39,0.0,17.94,67.66,4.92,64.67,76.81,23.36
2026-02-20 15:39:21+00:00,Full Delhi (City Average),5.0,670.0,0.01,24.27,32.92,4.42,75.87,93.23,30.12
2026-02-20 16:37:29+00:00,Full Delhi (City Average),5.0,717.67,0.02,24.59,29.2,4.7,81.29,99.61,34.05
2026-02-20 17:36:31+00:00,Full Delhi (City Average),5.0,729.58,0.03,23.61,29.14,4.51,85.63,103.23,37.44
2026-02-20 18:43:54+00:00,Full Delhi (City Average),5.0,695.63,0.01,20.62,32.15,4.04,87.51,102.88,40.5
2026-02-20 19:36:02+00:00,Full Delhi (City Average),5.0,656.05,0.0,16.97,37.16,3.77,89.38,102.84,43.07
2026-02-20 20:20:34+00:00,Full Delhi (City Average),5.0,656.05,0.0,16.97,37.16,3.77,89.38,102.84,43.07
2026-02-20 21:23:27+00:00,Full Delhi (City Average),5.0,619.91,0.0,14.04,41.76,3.61,90.79,102.83,44.41
2026-02-20 22:23:44+00:00,Full Delhi (City Average),5.0,578.04,0.0,11.48,43.07,3.04,91.23,102.12,37.7
2026-02-20 23:27:46+00:00,Full Delhi (City Average),5.0,542.49,0.0,9.76,44.19,2.65,91.56,101.54,33.32
2026-02-21 01:54:06+00:00,Full Delhi (City Average),5.0,534.11,0.03,11.61,36.45,2.46,92.32,103.29,23.64
2026-02-21 03:55:36+00:00,Full Delhi (City Average),5.0,573.23,2.94,10.47,39.66,2.37,90.16,103.57,16.36
2026-02-21 04:06:38+00:00,Full Delhi (City Average),5.0,573.23,2.94,10.47,39.66,2.37,90.16,103.57,16.36
2026-02-21 05:33:41+00:00,Full Delhi (City Average),5.0,542.27,2.41,7.53,66.19,2.51,88.41,103.15,19.61
2026-02-21 06:39:54+00:00,Full Delhi (City Average),4.0,309.45,0.23,1.6,140.74,4.46,56.4,67.26,8.74
2026-02-21 07:31:19+00:00,Full Delhi (City Average),4.0,276.29,0.14,1.01,144.74,3.87,50.92,61.48,7.72
2026-02-21 08:29:30+00:00,Full Delhi (City Average),4.0,276.29,0.14,1.01,144.74,3.87,50.92,61.48,7.72
2026-02-21 09:28:07+00:00,Full Delhi (City Average),4.0,267.62,0.13,1.01,144.03,3.53,49.88,60.52,7.69
2026-02-21 10:17:00+00:00,Full Delhi (City Average),4.0,283.5,0.29,2.3,130.0,3.32,51.71,62.75,10.88
2026-02-21 11:21:04+00:00,Full Delhi (City Average),4.0,319.2,0.56,4.99,107.52,3.15,55.0,66.69,15.78
2026-02-21 12:44:06+00:00,Full Delhi (City Average),4.0,420.04,0.06,14.02,66.12,3.14,60.6,73.88,24.41
2026-02-21 13:41:07+00:00,Full Delhi (City Average),4.0,486.67,0.0,18.28,44.19,3.25,60.65,75.42,31.51
2026-02-21 14:25:23+00:00,Full Delhi (City Average),4.0,486.67,0.0,18.28,44.19,3.25,60.65,75.42,31.51
2026-02-21 15:23:43+00:00,Full Delhi (City Average),4.0,552.98,0.0,20.82,33.12,3.68,65.92,83.17,39.28
2026-02-21 16:27:53+00:00,Full Delhi (City Average),4.0,597.02,0.01,22.23,26.63,4.2,70.34,89.41,46.79
2026-02-21 17:24:22+00:00,Full Delhi (City Average),5.0,632.81,0.02,23.05,22.89,4.54,75.1,95.58,50.89
2026-02-21 18:24:32+00:00,Full Delhi (City Average),5.0,647.1,0.02,23.1,20.94,4.42,78.8,99.53,52.65
2026-02-21 19:23:22+00:00,Full Delhi (City Average),5.0,627.6,0.02,21.53,21.15,3.91,79.85,99.67,53.77
2026-02-21 20:23:42+00:00,Full Delhi (City Average),5.0,610.08,0.01,19.51,23.55,3.68,81.52,100.9,57.13
2026-02-21 21:14:34+00:00,Full Delhi (City Average),5.0,593.93,0.0,17.64,26.91,3.56,83.28,102.53,60.29
2026-02-21 22:22:16+00:00,Full Delhi (City Average),5.0,572.89,0.0,15.68,30.5,3.4,84.54,104.02,60.9
2026-02-21 23:22:43+00:00,Full Delhi (City Average),5.0,552.96,0.0,13.84,33.32,3.09,85.99,106.13,57.27
2026-02-22 02:02:51+00:00,Full Delhi (City Average),5.0,581.9,0.2,14.67,25.34,2.24,90.8,114.61,24.77
2026-02-22 04:07:43+00:00,Full Delhi (City Average),5.0,662.66,6.25,10.87,30.32,2.6,93.15,118.98,21.32
2026-02-22 04:47:44+00:00,Full Delhi (City Average),5.0,663.86,6.36,10.1,38.2,2.92,92.55,118.63,22.8
2026-02-22 05:50:49+00:00,Full Delhi (City Average),5.0,647.67,4.45,10.09,56.21,3.2,95.75,122.26,23.07
2026-02-22 06:45:36+00:00,Full Delhi (City Average),4.0,299.63,0.29,2.02,140.89,3.73,55.89,83.2,9.95
2026-02-22 07:35:11+00:00,Full Delhi (City Average),4.0,250.54,0.14,1.04,143.8,3.03,48.42,74.76,8.12
2026-02-22 08:24:42+00:00,Full Delhi (City Average),4.0,250.54,0.14,1.04,143.8,3.03,48.42,74.76,8.12
2026-02-22 09:29:22+00:00,Full Delhi (City Average),4.0,240.21,0.12,0.98,142.9,2.8,47.19,73.44,7.85
2026-02-22 10:23:39+00:00,Full Delhi (City Average),3.0,267.68,0.45,3.14,119.89,2.68,49.34,75.76,12.54
2026-02-22 11:15:06+00:00,Full Delhi (City Average),4.0,325.39,0.99,7.41,88.4,2.67,52.83,79.51,19.56
2026-02-22 12:44:33+00:00,Full Delhi (City Average),4.0,464.09,0.11,20.12,50.27,3.36,58.96,87.57,35.04
2026-02-22 13:42:22+00:00,Full Delhi (City Average),4.0,504.87,0.0,21.06,43.48,3.59,61.19,88.48,39.41
2026-02-22 14:24:58+00:00,Full Delhi (City Average),4.0,504.87,0.0,21.06,43.48,3.59,61.19,88.48,39.41
2026-02-22 15:23:53+00:00,Full Delhi (City Average),4.0,577.42,0.0,24.18,37.79,4.22,67.01,96.48,50.23
2026-02-22 16:28:29+00:00,Full Delhi (City Average),4.0,630.59,0.0,25.76,33.67,4.5,72.56,103.26,58.72
2026-02-22 17:24:08+00:00,Full Delhi (City Average),5.0,680.71,0.01,26.17,28.85,4.3,78.79,110.56,60.39
2026-02-22 18:30:05+00:00,Full Delhi (City Average),5.0,703.23,0.01,22.8,21.26,2.37,85.62,115.47,43.64
2026-02-22 19:16:00+00:00,Full Delhi (City Average),5.0,703.23,0.01,22.8,21.26,2.37,85.62,115.47,43.64
2026-02-22 20:25:15+00:00,Full Delhi (City Average),5.0,704.6,0.01,20.48,19.79,2.03,88.49,117.68,37.54
2026-02-22 21:23:22+00:00,Full Delhi (City Average),5.0,702.46,0.01,18.39,19.38,1.87,91.5,120.25,33.93
2026-02-22 22:22:20+00:00,Full Delhi (City Average),5.0,693.32,0.01,16.5,20.02,1.82,93.7,122.0,31.83
2026-02-22 23:24:32+00:00,Full Delhi (City Average),5.0,677.14,0.01,14.96,20.89,1.86,95.6,123.36,31.46
2026-02-23 02:00:04+00:00,Full Delhi (City Average),5.0,666.23,0.05,15.69,26.65,3.52,100.22,127.24,27.04
2026-02-23 04:23:29+00:00,Full Delhi (City Average),5.0,586.52,1.73,11.61,66.44,5.07,94.14,118.33,19.84
2026-02-23 04:57:00+00:00,Full Delhi (City Average),5.0,566.38,2.21,9.66,72.28,4.35,90.83,113.76,20.2
2026-02-23 06:06:01+00:00,Full Delhi (City Average),5.0,532.72,1.68,7.56,89.3,4.02,88.92,110.58,19.67
2026-02-23 07:53:51+00:00,Full Delhi (City Average),4.0,226.21,0.11,0.91,141.4,1.99,38.24,53.95,7.11
2026-02-23 08:45:03+00:00,Full Delhi (City Average),3.0,214.67,0.1,0.99,139.53,1.87,35.73,50.91,6.82
2026-02-23 09:54:01+00:00,Full Delhi (City Average),3.0,254.48,0.49,4.17,113.72,2.17,37.65,53.68,12.26
2026-02-23 10:50:10+00:00,Full Delhi (City Average),3.0,336.78,1.21,9.98,79.03,2.62,41.84,59.49,19.69
2026-02-23 11:38:57+00:00,Full Delhi (City Average),3.0,430.43,1.18,17.55,52.29,2.96,45.89,65.28,25.01
2026-02-23 13:00:02+00:00,Full Delhi (City Average),4.0,527.41,0.18,24.63,32.38,3.37,50.46,72.21,29.92
2026-02-23 14:43:45+00:00,Full Delhi (City Average),4.0,668.35,0.11,29.46,17.96,4.87,56.19,80.68,45.58
2026-02-23 15:38:08+00:00,Full Delhi (City Average),4.0,713.17,0.18,29.7,14.08,5.17,60.25,86.63,50.86
2026-02-23 16:56:20+00:00,Full Delhi (City Average),4.0,764.8,0.36,30.24,9.87,5.24,64.97,93.23,54.66
2026-02-23 18:01:08+00:00,Full Delhi (City Average),4.0,801.3,0.74,30.65,6.65,4.81,68.48,97.23,56.84
2026-02-23 19:53:32+00:00,Full Delhi (City Average),4.0,794.6,0.85,28.2,6.16,3.56,71.82,98.35,55.89
2026-02-23 20:42:55+00:00,Full Delhi (City Average),4.0,793.74,0.75,26.9,6.87,3.27,74.28,100.14,56.46
2026-02-23 21:42:53+00:00,Full Delhi (City Average),5.0,790.25,0.62,25.69,8.4,3.15,76.31,101.42,59.34
2026-02-23 22:39:51+00:00,Full Delhi (City Average),5.0,785.53,0.51,24.69,10.51,3.23,78.19,102.51,65.29
2026-02-23 23:33:41+00:00,Full Delhi (City Average),5.0,775.86,0.47,23.97,12.78,3.43,79.56,103.09,71.41
2026-02-24 02:00:17+00:00,Full Delhi (City Average),5.0,819.65,2.52,22.89,10.79,3.56,82.98,107.26,48.77
2026-02-24 04:12:57+00:00,Full Delhi (City Average),5.0,888.75,11.06,14.09,16.4,3.05,84.66,108.26,27.52
2026-02-24 04:24:51+00:00,Full Delhi (City Average),5.0,888.75,11.06,14.09,16.4,3.05,84.66,108.26,27.52
2026-02-24 05:57:53+00:00,Full Delhi (City Average),5.0,890.78,7.22,15.04,47.35,3.26,95.94,119.07,24.69
2026-02-24 07:08:05+00:00,Full Delhi (City Average),4.0,305.21,0.3,2.13,140.95,3.94,50.54,66.71,9.2
2026-02-24 08:41:19+00:00,Full Delhi (City Average),4.0,237.95,0.13,1.05,145.71,3.17,41.03,57.25,7.07
2026-02-24 09:45:36+00:00,Full Delhi (City Average),3.0,257.73,0.28,2.42,136.86,3.37,42.83,59.09,9.69
2026-02-24 10:44:34+00:00,Full Delhi (City Average),3.0,298.19,0.5,5.12,121.0,3.67,46.75,63.21,13.71
2026-02-24 11:39:41+00:00,Full Delhi (City Average),4.0,345.32,0.39,9.02,106.01,3.99,50.04,66.61,16.71
2026-02-24 12:55:04+00:00,Full Delhi (City Average),4.0,428.45,0.05,15.41,80.48,4.31,54.32,71.63,21.42
2026-02-24 14:45:22+00:00,Full Delhi (City Average),4.0,630.86,0.0,22.85,47.79,4.65,68.61,90.23,30.85
2026-02-24 15:57:26+00:00,Full Delhi (City Average),5.0,691.53,0.0,22.91,43.03,4.5,76.79,99.4,32.91
2026-02-24 17:03:15+00:00,Full Delhi (City Average),5.0,761.02,0.0,22.84,40.06,4.47,87.78,112.01,34.67
2026-02-24 18:58:15+00:00,Full Delhi (City Average),5.0,831.02,0.0,20.34,37.29,3.82,108.87,133.96,32.17
2026-02-24 20:30:02+00:00,Full Delhi (City Average),5.0,846.89,0.0,15.39,40.24,4.33,128.25,153.84,27.7
2026-02-24 21:31:04+00:00,Full Delhi (City Average),5.0,835.82,0.0,13.18,44.4,5.2,137.13,162.83,27.49
2026-02-24 22:30:02+00:00,Full Delhi (City Average),5.0,818.03,0.0,11.64,49.87,6.24,144.22,170.03,30.75
2026-02-24 23:30:34+00:00,Full Delhi (City Average),5.0,802.35,0.0,11.19,54.18,7.26,148.4,174.27,36.24
2026-02-25 02:00:31+00:00,Full Delhi (City Average),5.0,849.79,0.02,15.59,46.62,8.55,157.64,185.76,33.11
2026-02-25 04:20:01+00:00,Full Delhi (City Average),5.0,873.28,2.2,14.85,58.27,13.27,169.45,197.1,19.99
2026-02-25 04:51:08+00:00,Full Delhi (City Average),5.0,850.19,2.49,12.29,74.07,14.59,172.79,199.73,19.44
2026-02-25 05:59:58+00:00,Full Delhi (City Average),5.0,818.39,1.74,9.89,103.0,16.25,178.96,205.16,19.05
2026-02-25 07:13:59+00:00,Full Delhi (City Average),5.0,398.29,0.21,2.04,166.73,16.32,92.66,113.01,8.18
2026-02-25 08:38:36+00:00,Full Delhi (City Average),4.0,279.88,0.13,1.48,153.13,7.23,56.47,78.62,8.91
2026-02-25 09:53:45+00:00,Full Delhi (City Average),4.0,290.23,0.24,2.93,141.36,6.31,56.25,79.06,11.33
2026-02-25 10:45:33+00:00,Full Delhi (City Average),4.0,326.31,0.43,5.94,121.65,5.77,58.36,81.38,15.4
2026-02-25 11:34:56+00:00,Full Delhi (City Average),4.0,373.36,0.36,10.2,103.96,5.52,60.43,83.35,18.61
2026-02-25 13:02:05+00:00,Full Delhi (City Average),4.0,454.34,0.06,16.47,77.8,5.3,63.62,86.54,23.08
2026-02-25 14:43:48+00:00,Full Delhi (City Average),5.0,707.42,0.01,28.22,27.79,5.17,79.13,108.14,36.72
2026-02-25 16:01:57+00:00,Full Delhi (City Average),5.0,770.72,0.03,29.28,19.68,4.98,82.94,113.15,40.03
2026-02-25 17:56:02+00:00,Full Delhi (City Average),5.0,846.09,0.07,29.41,15.0,4.21,91.3,122.28,40.84
2026-02-25 19:07:36+00:00,Full Delhi (City Average),5.0,814.39,0.03,26.69,16.84,3.6,91.74,120.59,39.34
2026-02-25 20:34:16+00:00,Full Delhi (City Average),5.0,734.78,0.0,20.13,26.48,4.22,93.81,119.77,49.31
2026-02-25 22:29:08+00:00,Full Delhi (City Average),5.0,689.32,0.0,17.17,33.91,4.76,94.18,118.91,55.15
2026-02-25 23:27:25+00:00,Full Delhi (City Average),5.0,645.26,0.0,14.48,40.05,4.52,94.08,117.82,53.04
2026-02-26 01:49:43+00:00,Full Delhi (City Average),5.0,620.53,0.06,15.78,36.23,3.29,92.38,115.75,31.6
2026-02-26 04:14:34+00:00,Full Delhi (City Average),5.0,707.52,5.6,14.34,31.72,3.42,92.95,116.06,26.42
2026-02-26 04:14:36+00:00,Full Delhi (City Average),5.0,707.52,5.6,14.34,31.72,3.42,92.95,116.06,26.42
2026-02-26 05:56:21+00:00,Full Delhi (City Average),5.0,742.22,4.87,13.11,60.21,4.04,95.88,120.74,25.43
2026-02-26 07:03:43+00:00,Full Delhi (City Average),4.0,292.97,0.29,2.07,147.73,4.94,52.36,80.74,9.5
2026-02-26 08:46:20+00:00,Full Delhi (City Average),4.0,214.24,0.14,1.09,143.81,3.39,41.73,73.0,7.28
2026-02-26 09:40:09+00:00,Full Delhi (City Average),3.0,250.51,0.59,4.0,120.24,3.39,43.6,74.9,12.36
2026-02-26 10:43:37+00:00,Full Delhi (City Average),3.0,326.35,1.34,9.5,89.21,3.59,47.47,79.09,19.79
2026-02-26 11:32:17+00:00,Full Delhi (City Average),4.0,408.9,1.27,17.06,66.57,3.88,50.84,83.77,26.43
2026-02-26 13:03:27+00:00,Full Delhi (City Average),4.0,489.18,0.17,24.89,51.5,4.59,54.24,89.14,35.45
2026-02-26 14:45:21+00:00,Full Delhi (City Average),4.0,645.46,0.0,30.81,35.72,6.73,69.24,108.15,54.82
2026-02-26 15:52:49+00:00,Full Delhi (City Average),5.0,707.51,0.0,33.99,31.33,8.22,75.22,116.55,71.23
2026-02-26 16:57:19+00:00,Full Delhi (City Average),5.0,767.42,0.01,36.66,28.16,9.44,81.94,125.63,86.84
2026-02-26 17:57:10+00:00,Full Delhi (City Average),5.0,802.1,0.02,37.86,24.64,9.47,87.16,131.78,95.56
2026-02-26 18:57:53+00:00,Full Delhi (City Average),5.0,788.59,0.02,35.94,22.55,8.27,89.36,132.72,96.5
2026-02-26 19:41:24+00:00,Full Delhi (City Average),5.0,776.16,0.02,33.06,22.48,7.39,92.7,135.63,96.8
2026-02-26 20:35:02+00:00,Full Delhi (City Average),5.0,765.07,0.02,29.98,22.07,6.52,96.48,138.93,93.8
2026-02-26 21:30:07+00:00,Full Delhi (City Average),5.0,746.88,0.02,26.59,20.23,5.0,99.41,140.77,79.62
2026-02-26 22:28:02+00:00,Full Delhi (City Average),5.0,746.88,0.02,26.59,20.23,5.0,99.41,140.77,79.62
2026-02-26 23:28:11+00:00,Full Delhi (City Average),5.0,729.33,0.01,23.74,19.69,4.12,102.64,143.15,70.84
